{
  "MAINHAND": {
    "infernalexp:glowsilk_bow": 850,
    "minecraft:bow": 850,
    "minecraft:crossbow": 700,
    "minecraft:diamond_axe": 600,
    "minecraft:diamond_sword": 744,
    "minecraft:enchanted_book": 800,
    "minecraft:golden_axe": 676,
    "minecraft:golden_sword": 831,
    "minecraft:iron_axe": 600,
    "minecraft:iron_sword": 775,
    "minecraft:lingering_potion": 750,
    "minecraft:netherite_axe": 559,
    "minecraft:netherite_sword": 711,
    "minecraft:snowball": 900,
    "minecraft:splash_potion{Potion:\"minecraft:harming\"}": 750,
    "minecraft:stone_axe": 600,
    "minecraft:stone_sword": 804,
    "minecraft:tnt": 600,
    "minecraft:trident": 500,
    "minecraft:wooden_axe": 676,
    "minecraft:wooden_sword": 831
  },
  "OFFHAND": {
    "minecraft:ender_pearl": 600,
    "minecraft:flint_and_steel": 700,
    "minecraft:lava_bucket": 400,
    "minecraft:shield": 850,
    "spartanshields:shield_basic_bronze": 850,
    "spartanshields:shield_basic_constantan": 850,
    "spartanshields:shield_basic_copper": 850,
    "spartanshields:shield_basic_diamond": 850,
    "spartanshields:shield_basic_electrum": 850,
    "spartanshields:shield_basic_gold": 850,
    "spartanshields:shield_basic_invar": 850,
    "spartanshields:shield_basic_iron": 850,
    "spartanshields:shield_basic_lead": 850,
    "spartanshields:shield_basic_netherite": 850,
    "spartanshields:shield_basic_nickel": 850,
    "spartanshields:shield_basic_obsidian": 850,
    "spartanshields:shield_basic_platinum": 850,
    "spartanshields:shield_basic_silver": 850,
    "spartanshields:shield_basic_steel": 850,
    "spartanshields:shield_basic_stone": 850,
    "spartanshields:shield_basic_tin": 850,
    "spartanshields:shield_basic_wood": 850,
    "spartanshields:shield_botania_elementium": 850,
    "spartanshields:shield_botania_manasteel": 850,
    "spartanshields:shield_botania_terrasteel": 850,
    "spartanshields:shield_mekanism_lapis_lazuli": 850,
    "spartanshields:shield_mekanism_osmium": 850,
    "spartanshields:shield_mekanism_powered_advanced": 850,
    "spartanshields:shield_mekanism_powered_basic": 850,
    "spartanshields:shield_mekanism_powered_elite": 850,
    "spartanshields:shield_mekanism_powered_ultimate": 850,
    "spartanshields:shield_mekanism_refined_glowstone": 850,
    "spartanshields:shield_mekanism_refined_obsidian": 850,
    "spartanshields:shield_tower_bronze": 850,
    "spartanshields:shield_tower_constantan": 850,
    "spartanshields:shield_tower_copper": 850,
    "spartanshields:shield_tower_diamond": 850,
    "spartanshields:shield_tower_electrum": 850,
    "spartanshields:shield_tower_gold": 850,
    "spartanshields:shield_tower_invar": 850,
    "spartanshields:shield_tower_iron": 850,
    "spartanshields:shield_tower_lead": 850,
    "spartanshields:shield_tower_netherite": 850,
    "spartanshields:shield_tower_nickel": 850,
    "spartanshields:shield_tower_obsidian": 850,
    "spartanshields:shield_tower_platinum": 850,
    "spartanshields:shield_tower_silver": 850,
    "spartanshields:shield_tower_steel": 850,
    "spartanshields:shield_tower_stone": 850,
    "spartanshields:shield_tower_tin": 850,
    "spartanshields:shield_tower_wood": 850
  },
  "FEET": {
    "ceramics:clay_boots": 926,
    "create:diving_boots": 866,
    "environmental:wanderer_boots": 819,
    "minecraft:chainmail_boots": 844,
    "minecraft:diamond_boots": 683,
    "minecraft:golden_boots": 900,
    "minecraft:iron_boots": 839,
    "minecraft:leather_boots": 932,
    "minecraft:netherite_boots": 648
  },
  "LEGS": {
    "ceramics:clay_leggings": 926,
    "environmental:architect_belt": 819,
    "environmental:yak_pants": 891,
    "minecraft:chainmail_leggings": 844,
    "minecraft:diamond_leggings": 683,
    "minecraft:golden_leggings": 900,
    "minecraft:iron_leggings": 839,
    "minecraft:leather_leggings": 932,
    "minecraft:netherite_leggings": 648
  },
  "CHEST": {
    "ceramics:clay_chestplate": 926,
    "create:copper_backtank": 829,
    "endergetic:booflo_vest": 604,
    "environmental:healer_pouch": 819,
    "minecraft:chainmail_chestplate": 844,
    "minecraft:diamond_chestplate": 683,
    "minecraft:golden_chestplate": 900,
    "minecraft:iron_chestplate": 839,
    "minecraft:leather_chestplate": 932,
    "minecraft:netherite_chestplate": 648,
    "quark:backpack": 914
  },
  "HEAD": {
    "ceramics:clay_helmet": 926,
    "create:diving_helmet": 866,
    "environmental:thief_hood": 819,
    "minecraft:chainmail_helmet": 844,
    "minecraft:diamond_helmet": 683,
    "minecraft:golden_helmet": 900,
    "minecraft:iron_helmet": 839,
    "minecraft:leather_helmet": 932,
    "minecraft:netherite_helmet": 648,
    "minecraft:shulker_shell": 860,
    "minecraft:turtle_helmet": 759,
    "quark:forgotten_hat": 932
  }
}