{
  "armorSetName": "iron",
  "head": {
    "itemKey": "minecraft:iron_helmet",
    "mixAndMatch": [
      "minecraft:chainmail_helmet"
    ]
  },
  "chest": {
    "itemKey": "minecraft:iron_chestplate",
    "mixAndMatch": [
      "minecraft:chainmail_chestplate"
    ]
  },
  "legs": {
    "itemKey": "minecraft:iron_leggings",
    "mixAndMatch": [
      "minecraft:chainmail_leggings"
    ]
  },
  "boots": {
    "itemKey": "minecraft:iron_boots",
    "mixAndMatch": [
      "minecraft:chainmail_boots"
    ]
  },
  "fullSetBonuses": [
    {
      "type": "effect",
      "name": "minecraft:strength",
      "value": 0.0
    }
  ]
}